[{
    "name": "q4",
    "title": "QUARTERLY STATEMENT 4 2013",
    "thumb": "pdf.png",
    "url": "resources/reports/Q42013Report.pdf",
    "type": "2013 STATEMENTS",
    "uploaded": "DECEMBER 20, 2013"
},{
    "name": "q3",
    "title": "QUARTERLY STATEMENT 3 2013",
    "thumb": "pdf.png",
    "url": "resources/reports/Q32013Report.pdf",
    "type": "2013 STATEMENTS",
    "uploaded": "SEPTEMBER 20, 2013"
},{
    "name": "q2",
    "title": "QUARTERLY STATEMENT 2 2013",
    "thumb": "pdf.png",
    "url": "resources/reports/Q22013Report.pdf",
    "type": "2013 STATEMENTS",
    "uploaded": "JUNE 20, 2013"
},{
    "name": "q1",
    "title": "QUARTERLY STATEMENT 1 2013",
    "thumb": "pdf.png",
    "url": "resources/reports/Q12013Report.pdf",
    "type": "2013 STATEMENTS",
    "uploaded": "MARCH 20, 2013"
},{
    "name": "q4",
    "title": "QUARTERLY STATEMENT 4 2012",
    "thumb": "pdf.png",
    "url": "resources/reports/Q42012Report.pdf",
    "type": "2012 STATEMENTS",
    "uploaded": "DECEMBER 20, 2012"
},{
    "name": "q3",
    "title": "QUARTERLY STATEMENT 3 2012",
    "thumb": "pdf.png",
    "url": "resources/reports/Q32012Report.pdf",
    "type": "2012 STATEMENTS",
    "uploaded": "SEPTEMBER 20, 2012"
},{
    "name": "q2",
    "title": "QUARTERLY STATEMENT 2 2012",
    "thumb": "pdf.png",
    "url": "resources/reports/Q22012Report.pdf",
    "type": "2012 STATEMENTS",
    "uploaded": "JUNE 20, 2012"
},{
    "name": "q1",
    "title": "QUARTERLY STATEMENT 1 2012",
    "thumb": "pdf.png",
    "url": "resources/reports/Q12012Report.pdf",
    "type": "2012 STATEMENTS",
    "uploaded": "MARCH 20, 2012"
}]